"Industry-by-Industry Total Requirements, After Redefinitions - Summary"
"2015, (in producers' prices)" 
"Bureau of Economic Analysis" 
""
"","Industries/Industries","111CA","113FF","211","212","213","22","23","321","327","331","332","333","334","335","3361MV","3364OT","337","339","311FT","313TT","315AL","322","323","324","325","326","42","441","445","452","4A0","481","482","483","484","485","486","487OS","493","511","512","513","514","521CI","523","524","525","HS","ORE","532RL","5411","5415","5412OP","55","561","562","61","621","622","623","624","711AS","713","721","722","81","GFGD","GFGN","GFE","GSLG","GSLE"
"","Industry Description","Farms","Forestry, fishing, and related activities","Oil and gas extraction","Mining, except oil and gas","Support activities for mining","Utilities","Construction","Wood products","Nonmetallic mineral products","Primary metals","Fabricated metal products","Machinery","Computer and electronic products","Electrical equipment, appliances, and components","Motor vehicles, bodies and trailers, and parts","Other transportation equipment","Furniture and related products","Miscellaneous manufacturing","Food and beverage and tobacco products","Textile mills and textile product mills","Apparel and leather and allied products","Paper products","Printing and related support activities","Petroleum and coal products","Chemical products","Plastics and rubber products","Wholesale trade","Motor vehicle and parts dealers","Food and beverage stores","General merchandise stores","Other retail","Air transportation","Rail transportation","Water transportation","Truck transportation","Transit and ground passenger transportation","Pipeline transportation","Other transportation and support activities","Warehousing and storage","Publishing industries, except internet (includes software)","Motion picture and sound recording industries","Broadcasting and telecommunications","Data processing, internet publishing, and other information services","Federal Reserve banks, credit intermediation, and related activities","Securities, commodity contracts, and investments","Insurance carriers and related activities","Funds, trusts, and other financial vehicles","Housing","Other real estate","Rental and leasing services and lessors of intangible assets","Legal services","Computer systems design and related services","Miscellaneous professional, scientific, and technical services","Management of companies and enterprises","Administrative and support services","Waste management and remediation services","Educational services","Ambulatory health care services","Hospitals","Nursing and residential care facilities","Social assistance","Performing arts, spectator sports, museums, and related activities","Amusements, gambling, and recreation industries","Accommodation","Food services and drinking places","Other services, except government","Federal general government (defense)","Federal general government (nondefense)","Federal government enterprises","State and local general government","State and local government enterprises"
"111CA","Farms",1.2180729,0.0396012,0.0011182,0.0029511,0.0016545,0.0010613,0.0034664,0.0246893,0.0032392,0.0021880,0.0018870,0.0018236,0.0004997,0.0016048,0.0028985,0.0012050,0.0063631,0.0064365,0.3693208,0.0426551,0.0247591,0.0129006,0.0072547,0.0012660,0.0240894,0.0101030,0.0012700,0.0033951,0.0034365,0.0014964,0.0014707,0.0020340,0.0013190,0.0040511,0.0011122,0.0007424,0.0003583,0.0023257,0.0012946,0.0009601,0.0008589,0.0009903,0.0014135,0.0008072,0.0012006,0.0004409,0.0012738,0.0002452,0.0022423,0.0009262,0.0008425,0.0006566,0.0027693,0.0010831,0.0027106,0.0015065,0.0095655,0.0020444,0.0060537,0.0132487,0.0175659,0.0021774,0.0146390,0.0109564,0.0272060,0.0024157,0.0024122,-0.0009340,0.0036855,0.0124863,0.0015034
"113FF","Forestry, fishing, and related activities",0.0729372,1.1497253,0.0004598,0.0023424,0.0008846,0.0005549,0.0050177,0.1601360,0.0021960,0.0019437,0.0013689,0.0017950,0.0004737,0.0014790,0.0031291,0.0010617,0.0168554,0.0045825,0.0333693,0.0042338,0.0081105,0.0394689,0.0050830,0.0005221,0.0035435,0.0117114,0.0008271,0.0007677,0.0043973,0.0005699,0.0008176,0.0005928,0.0039688,0.0008836,0.0006980,0.0008596,0.0003124,0.0015086,0.0011888,0.0006933,0.0004343,0.0006904,0.0013063,0.0003877,0.0006000,0.0002264,0.0005850,0.0002650,0.0018498,0.0006637,0.0004256,0.0002827,0.0008647,0.0004845,0.0008701,0.0007739,0.0015214,0.0007406,0.0012336,0.0020199,0.0029296,0.0005204,0.0027782,0.0037125,0.0065173,0.0010287,0.0005677,0.0002587,0.0011599,0.0032115,0.0012729
"211","Oil and gas extraction",0.0222048,0.0118244,1.0976223,0.0401652,0.0177046,0.0809947,0.0235477,0.0199856,0.0186795,0.0244761,0.0131876,0.0122576,0.0027147,0.0153712,0.0123685,0.0064500,0.0148350,0.0132686,0.0171687,0.0221945,0.0075959,0.0209956,0.0232493,0.6256162,0.0430812,0.0258817,0.0060776,0.0076247,0.0090388,0.0063002,0.0070146,0.0881406,0.0404870,0.0545494,0.0624976,0.0222051,0.0043690,0.0327286,0.0157983,0.0040811,0.0032355,0.0041991,0.0055204,0.0056024,0.0104791,0.0018754,0.0115526,0.0013815,0.0154707,0.0062353,0.0033025,0.0024998,0.0045025,0.0053971,0.0071571,0.0161480,0.0067821,0.0056486,0.0100480,0.0082288,0.0083472,0.0043966,0.0081773,0.0088640,0.0086353,0.0067343,0.0122482,0.0028804,0.0335057,0.0238081,0.0920529
"212","Mining, except oil and gas",0.0094826,0.0018686,0.0045188,1.0841440,0.0037337,0.0268015,0.0168981,0.0053340,0.0854877,0.0863417,0.0222948,0.0128987,0.0021011,0.0151926,0.0150983,0.0071632,0.0089159,0.0097814,0.0079653,0.0090813,0.0025851,0.0155148,0.0046628,0.0068731,0.0131173,0.0096540,0.0013195,0.0018698,0.0024805,0.0017984,0.0019260,0.0018473,0.0044655,0.0028008,0.0022385,0.0011991,0.0015803,0.0026614,0.0050414,0.0011127,0.0009101,0.0021092,0.0024522,0.0007911,0.0013370,0.0004922,0.0015290,0.0007543,0.0045255,0.0012750,0.0008318,0.0006195,0.0018305,0.0014744,0.0018593,0.0034499,0.0026370,0.0017168,0.0023976,0.0022392,0.0025120,0.0023309,0.0045769,0.0025257,0.0028891,0.0026356,0.0016419,0.0028035,0.0020425,0.0029882,0.0243550
"213","Support activities for mining",0.0011964,0.0005680,0.0476257,0.0234348,1.0105531,0.0040768,0.0015310,0.0010922,0.0026644,0.0029545,0.0013671,0.0010616,0.0002103,0.0011929,0.0011600,0.0006117,0.0009923,0.0009171,0.0009907,0.0012225,0.0004241,0.0013668,0.0011809,0.0272425,0.0022083,0.0014594,0.0003057,0.0003888,0.0004588,0.0003228,0.0003625,0.0038662,0.0018794,0.0025197,0.0027790,0.0010030,0.0002737,0.0015072,0.0008253,0.0002229,0.0001676,0.0002795,0.0003184,0.0002678,0.0004961,0.0000961,0.0005463,0.0000828,0.0007930,0.0003163,0.0001682,0.0001359,0.0002731,0.0002831,0.0003698,0.0008574,0.0003641,0.0002938,0.0005032,0.0004190,0.0004503,0.0002471,0.0004689,0.0004590,0.0004583,0.0003761,0.0006055,0.0001963,0.0015317,0.0011131,0.0045504
"22","Utilities",0.0283798,0.0079573,0.0230010,0.0562317,0.0086340,1.0662201,0.0152604,0.0303129,0.0405971,0.0512295,0.0299900,0.0203732,0.0073384,0.0194324,0.0239126,0.0134012,0.0240070,0.0199690,0.0258089,0.0382221,0.0141241,0.0456563,0.0266198,0.0235593,0.0336691,0.0367333,0.0161766,0.0279201,0.0500912,0.0343505,0.0298924,0.0078202,0.0082177,0.0133906,0.0150965,0.0073132,0.0189576,0.0135099,0.1045868,0.0081907,0.0078289,0.0117213,0.0121105,0.0076333,0.0118317,0.0058752,0.0198240,0.0015061,0.0777719,0.0103501,0.0095125,0.0039484,0.0097215,0.0218586,0.0102609,0.0140538,0.0243895,0.0111869,0.0194086,0.0223449,0.0176474,0.0117076,0.0240449,0.0390666,0.0350443,0.0143117,0.0066632,0.0048779,0.0159532,0.0136503,0.0162053
"23","Construction",0.0163287,0.0039026,0.0159248,0.0387862,0.0239022,0.0277861,1.0062510,0.0090401,0.0127172,0.0144460,0.0092181,0.0069508,0.0021280,0.0062753,0.0076216,0.0043182,0.0082201,0.0068155,0.0105479,0.0096570,0.0048330,0.0130118,0.0089619,0.0244584,0.0096206,0.0100688,0.0075033,0.0110450,0.0137737,0.0107062,0.0136048,0.0088511,0.0336442,0.0100821,0.0106630,0.0079234,0.0289842,0.0182419,0.0258854,0.0038988,0.0045231,0.0075290,0.0056956,0.0089205,0.0107435,0.0050696,0.0120604,0.0395350,0.0693246,0.0064755,0.0071903,0.0022956,0.0062417,0.0078107,0.0051742,0.0061553,0.0104726,0.0061960,0.0077305,0.0118695,0.0121460,0.0076565,0.0112876,0.0116988,0.0124550,0.0118054,0.0155021,0.0069541,0.0185729,0.0188450,0.1478610
"321","Wood products",0.0043772,0.0019226,0.0016290,0.0056682,0.0035554,0.0021529,0.0345380,1.2592310,0.0082545,0.0072814,0.0043979,0.0073491,0.0021157,0.0053491,0.0141865,0.0041790,0.1154186,0.0136121,0.0051942,0.0042978,0.0021120,0.0465629,0.0060155,0.0019256,0.0033191,0.0131984,0.0034349,0.0026170,0.0055482,0.0021139,0.0034859,0.0011512,0.0293742,0.0020386,0.0026457,0.0016860,0.0014786,0.0034993,0.0056602,0.0017250,0.0016112,0.0028356,0.0073262,0.0012064,0.0017676,0.0008296,0.0016984,0.0016626,0.0106942,0.0026035,0.0013880,0.0007202,0.0019266,0.0014344,0.0026030,0.0021828,0.0020745,0.0018385,0.0022998,0.0024904,0.0077926,0.0013949,0.0029275,0.0040321,0.0034412,0.0027860,0.0015646,0.0009759,0.0038289,0.0040594,0.0069194
"327","Nonmetallic mineral products",0.0033923,0.0015343,0.0063203,0.0104897,0.0091023,0.0032478,0.0465632,0.0151763,1.1328513,0.0202760,0.0104920,0.0136785,0.0019473,0.0202259,0.0242658,0.0051171,0.0115008,0.0107836,0.0106399,0.0097045,0.0037553,0.0082042,0.0032345,0.0062537,0.0075131,0.0141903,0.0014626,0.0029726,0.0021977,0.0016060,0.0024192,0.0017598,0.0034583,0.0025110,0.0024138,0.0013471,0.0018565,0.0028882,0.0044641,0.0011014,0.0008957,0.0055149,0.0046940,0.0011583,0.0017708,0.0006033,0.0017668,0.0019401,0.0047953,0.0024746,0.0009724,0.0009672,0.0035724,0.0014468,0.0028159,0.0038642,0.0018073,0.0033293,0.0037399,0.0029442,0.0036452,0.0011155,0.0025431,0.0023553,0.0041829,0.0034863,0.0020995,0.0015981,0.0024875,0.0028172,0.0141884
"331","Primary metals",0.0122835,0.0061149,0.0392797,0.0332361,0.0224985,0.0091510,0.0350350,0.0305647,0.0287363,1.4326376,0.3180010,0.1721640,0.0247650,0.1997598,0.1916262,0.0894069,0.0920783,0.0974282,0.0262080,0.0236147,0.0096253,0.0307749,0.0165929,0.0246717,0.0154451,0.0351570,0.0045744,0.0057905,0.0051251,0.0038895,0.0053286,0.0069943,0.0280081,0.0188938,0.0110085,0.0053398,0.0076947,0.0155272,0.0133056,0.0046140,0.0024686,0.0106382,0.0074769,0.0021807,0.0037854,0.0012908,0.0038272,0.0017113,0.0098340,0.0056609,0.0021791,0.0035132,0.0057917,0.0038383,0.0068853,0.0264981,0.0063788,0.0049102,0.0066484,0.0055832,0.0104978,0.0026576,0.0074704,0.0054049,0.0063280,0.0128600,0.0117365,0.0037296,0.0115819,0.0066131,0.0186167
"332","Fabricated metal products",0.0175723,0.0080142,0.0316876,0.0345317,0.0245388,0.0111770,0.0695733,0.0503554,0.0430978,0.0688135,1.1470219,0.1152462,0.0211532,0.0940507,0.1366212,0.0795647,0.0719163,0.0614168,0.0357457,0.0324541,0.0176412,0.0604686,0.0336641,0.0217047,0.0323663,0.0604740,0.0061728,0.0080613,0.0068834,0.0051354,0.0077394,0.0070328,0.0156625,0.0426690,0.0131785,0.0074622,0.0219724,0.0179939,0.0163195,0.0093588,0.0032191,0.0222214,0.0116204,0.0031814,0.0054939,0.0017739,0.0055332,0.0031224,0.0123951,0.0083726,0.0031145,0.0059197,0.0076159,0.0057657,0.0088107,0.0372310,0.0074034,0.0057724,0.0078908,0.0068859,0.0156085,0.0033568,0.0089564,0.0095682,0.0102005,0.0146453,0.0173067,0.0057583,0.0170381,0.0092144,0.0291461
"333","Machinery",0.0170617,0.0101377,0.0290393,0.0630647,0.0555810,0.0081272,0.0280023,0.0158958,0.0114297,0.0225213,0.0237472,1.1181334,0.0033224,0.0216417,0.0736764,0.0303973,0.0093913,0.0197335,0.0142250,0.0084148,0.0044097,0.0164583,0.0203360,0.0181610,0.0144376,0.0179483,0.0035243,0.0046554,0.0038382,0.0031390,0.0039803,0.0054150,0.0085834,0.0079315,0.0077446,0.0053601,0.0035909,0.0206138,0.0115050,0.0028676,0.0018627,0.0065711,0.0054043,0.0015011,0.0026424,0.0010670,0.0027053,0.0012534,0.0050621,0.0088588,0.0015303,0.0035077,0.0037527,0.0030320,0.0058481,0.0395582,0.0069720,0.0029368,0.0039406,0.0036875,0.0044072,0.0019862,0.0035830,0.0030763,0.0040059,0.0125429,0.0055117,0.0017483,0.0068840,0.0057828,0.0143801
"334","Computer and electronic products",0.0061275,0.0030906,0.0055328,0.0091973,0.0094917,0.0036158,0.0118608,0.0195267,0.0166138,0.0207716,0.0266348,0.0430614,1.0978214,0.0492216,0.0666501,0.0876258,0.0265243,0.0295654,0.0103351,0.0235209,0.0104164,0.0139684,0.0255438,0.0047495,0.0170081,0.0226832,0.0077262,0.0075012,0.0050442,0.0054027,0.0052847,0.0031499,0.0070688,0.0089766,0.0058360,0.0031454,0.0018797,0.0064556,0.0080398,0.0157753,0.0081831,0.0298911,0.0205090,0.0031893,0.0074453,0.0016104,0.0109360,0.0008742,0.0054700,0.0048901,0.0069846,0.0144016,0.0083103,0.0168392,0.0090586,0.0152463,0.0057236,0.0115042,0.0056053,0.0047954,0.0062777,0.0026463,0.0041740,0.0049638,0.0048820,0.0164691,0.0387571,0.0082419,0.0047913,0.0049324,0.0111864
"335","Electrical equipment, appliances, and components",0.0070666,0.0052577,0.0040191,0.0069218,0.0077025,0.0024150,0.0287170,0.0183902,0.0046211,0.0187597,0.0155484,0.0504630,0.0085306,1.0752505,0.0261957,0.0177874,0.0073972,0.0138666,0.0056406,0.0050085,0.0023813,0.0079892,0.0049834,0.0032844,0.0050314,0.0114632,0.0018287,0.0030534,0.0022284,0.0030298,0.0024023,0.0015678,0.0049723,0.0037863,0.0024907,0.0029457,0.0016055,0.0032561,0.0075503,0.0014841,0.0010971,0.0085491,0.0035939,0.0013021,0.0021157,0.0007064,0.0020708,0.0012496,0.0050305,0.0023725,0.0011644,0.0038910,0.0043725,0.0019077,0.0042773,0.0118208,0.0038643,0.0015910,0.0024703,0.0046427,0.0043329,0.0015052,0.0033686,0.0035071,0.0026954,0.0054329,0.0043385,0.0040169,0.0029780,0.0029112,0.0127952
"3361MV","Motor vehicles, bodies and trailers, and parts",0.0100946,0.0066906,0.0085583,0.0266706,0.0118604,0.0052280,0.0093991,0.0205711,0.0147390,0.0291718,0.0168947,0.0741510,0.0041225,0.0137414,1.5087162,0.0318788,0.0157673,0.0136419,0.0126703,0.0095420,0.0048623,0.0198218,0.0101465,0.0066237,0.0089091,0.0115834,0.0078824,0.0129477,0.0113823,0.0056578,0.0093665,0.0030167,0.0053889,0.0078494,0.0248938,0.0092192,0.0020322,0.0099166,0.0447967,0.0046318,0.0026201,0.0066676,0.0045895,0.0018789,0.0033446,0.0011145,0.0031969,0.0005816,0.0044331,0.0079310,0.0017628,0.0018852,0.0050024,0.0042908,0.0143639,0.0302655,0.0049073,0.0030365,0.0051223,0.0039164,0.0137092,0.0030778,0.0040470,0.0039519,0.0048587,0.0318566,0.0141084,0.0014284,0.0292030,0.0075025,0.0087152
"3364OT","Other transportation equipment",0.0007319,0.0007085,0.0005795,0.0023256,0.0008315,0.0009074,0.0008446,0.0017704,0.0014709,0.0030719,0.0016032,0.0025962,0.0007647,0.0013719,0.0030481,1.3019642,0.0010748,0.0009568,0.0009483,0.0008151,0.0004175,0.0014472,0.0007746,0.0006241,0.0008581,0.0010859,0.0004395,0.0003231,0.0002872,0.0002337,0.0003273,0.0059580,0.0258719,0.0443131,0.0015932,0.0005077,0.0002234,0.0092657,0.0005391,0.0003156,0.0002397,0.0004670,0.0004516,0.0001596,0.0004240,0.0000849,0.0004015,0.0000506,0.0003897,0.0003017,0.0001842,0.0002266,0.0004420,0.0002734,0.0003949,0.0012358,0.0003278,0.0002575,0.0002760,0.0002733,0.0004326,0.0001744,0.0005451,0.0002651,0.0003025,0.0008962,0.0616121,0.0017494,0.0009246,0.0002917,0.0014805
"337","Furniture and related products",0.0004818,0.0001907,0.0003771,0.0008902,0.0005980,0.0005167,0.0126702,0.0093280,0.0007088,0.0006051,0.0005266,0.0019689,0.0003888,0.0005374,0.0010788,0.0022280,1.0557654,0.0032469,0.0005100,0.0013147,0.0009042,0.0011270,0.0005010,0.0004618,0.0004529,0.0028790,0.0006366,0.0014292,0.0004368,0.0003608,0.0016189,0.0002493,0.0008861,0.0014724,0.0005788,0.0002799,0.0004430,0.0006951,0.0006698,0.0002407,0.0002483,0.0006445,0.0018037,0.0002714,0.0007132,0.0001464,0.0006054,0.0020290,0.0012278,0.0003034,0.0002773,0.0001256,0.0004414,0.0002767,0.0002963,0.0003892,0.0003118,0.0005750,0.0004909,0.0004218,0.0009921,0.0009390,0.0016965,0.0005153,0.0007801,0.0006467,0.0004470,0.0001835,0.0177069,0.0004375,0.0023298
"339","Miscellaneous manufacturing",0.0015793,0.0006428,0.0008579,0.0019893,0.0014382,0.0006433,0.0020246,0.0017422,0.0027382,0.0019110,0.0016054,0.0090175,0.0005255,0.0072315,0.0065218,0.0018690,0.0021557,1.0542519,0.0012834,0.0049193,0.0098032,0.0016360,0.0015527,0.0007010,0.0022322,0.0025575,0.0011518,0.0017635,0.0012305,0.0008017,0.0017315,0.0005598,0.0007726,0.0011622,0.0009703,0.0008026,0.0003324,0.0021508,0.0033738,0.0007539,0.0006056,0.0011633,0.0014036,0.0007080,0.0009940,0.0003269,0.0009213,0.0001639,0.0015211,0.0009133,0.0006237,0.0006015,0.0019150,0.0007564,0.0026668,0.0062752,0.0021172,0.0191163,0.0254818,0.0055325,0.0079387,0.0010479,0.0037452,0.0009050,0.0014242,0.0027327,0.0010399,0.0007892,0.0007902,0.0042087,0.0015647
"311FT","Food and beverage and tobacco products",0.1239086,0.0154501,0.0014479,0.0026839,0.0023751,0.0018721,0.0020705,0.0071823,0.0055283,0.0039834,0.0027042,0.0023263,0.0006700,0.0020988,0.0032767,0.0014746,0.0039636,0.0037677,1.2788335,0.0116900,0.0657623,0.0166277,0.0153824,0.0019259,0.0162703,0.0089318,0.0027834,0.0021113,0.0045110,0.0024818,0.0021494,0.0059110,0.0014361,0.0118476,0.0020228,0.0013192,0.0005285,0.0031844,0.0020813,0.0019053,0.0019324,0.0019735,0.0028684,0.0019204,0.0030204,0.0010296,0.0032474,0.0003370,0.0042680,0.0018206,0.0019528,0.0014495,0.0062942,0.0022947,0.0032534,0.0027886,0.0297835,0.0034957,0.0168131,0.0422086,0.0580919,0.0064688,0.0363555,0.0335480,0.0836151,0.0061505,0.0069806,0.0009334,0.0111202,0.0354771,0.0018761
"313TT","Textile mills and textile product mills",0.0026300,0.0030776,0.0007711,0.0018909,0.0011510,0.0006113,0.0038653,0.0109874,0.0062656,0.0018524,0.0015709,0.0055282,0.0004484,0.0016655,0.0145409,0.0059459,0.0559561,0.0209617,0.0030088,1.2033446,0.1418431,0.0256215,0.0116965,0.0008757,0.0037129,0.0183880,0.0019460,0.0013586,0.0016090,0.0137328,0.0035125,0.0005900,0.0009570,0.0048810,0.0011671,0.0008276,0.0003669,0.0020502,0.0013381,0.0008748,0.0015143,0.0011873,0.0009552,0.0003867,0.0007015,0.0002286,0.0006529,0.0002839,0.0012215,0.0014776,0.0004054,0.0003220,0.0008449,0.0005195,0.0011141,0.0026905,0.0009022,0.0012920,0.0024450,0.0112263,0.0075628,0.0006248,0.0031293,0.0098867,0.0013441,0.0029563,0.0025757,0.0010201,0.0018698,0.0024119,0.0014454
"315AL","Apparel and leather and allied products",0.0004632,0.0002433,0.0002078,0.0004069,0.0003207,0.0002118,0.0003704,0.0005674,0.0004190,0.0005830,0.0003685,0.0006606,0.0001058,0.0003002,0.0064351,0.0004079,0.0013263,0.0012051,0.0004327,0.0205252,1.1480505,0.0008683,0.0252987,0.0002048,0.0003902,0.0006582,0.0009399,0.0017040,0.0003732,0.0019088,0.0011846,0.0001952,0.0002544,0.0004416,0.0005175,0.0002796,0.0001111,0.0004217,0.0004510,0.0007610,0.0006395,0.0034417,0.0006283,0.0002206,0.0004127,0.0001641,0.0003864,0.0000393,0.0003513,0.0010999,0.0002393,0.0001530,0.0003315,0.0003398,0.0007306,0.0017426,0.0008065,0.0004838,0.0006933,0.0004423,0.0073625,0.0014841,0.0006293,0.0006051,0.0005724,0.0031449,0.0005349,0.0002604,0.0009977,0.0027996,0.0004824
"322","Paper products",0.0103511,0.0032920,0.0035100,0.0093549,0.0050912,0.0033802,0.0081466,0.0166619,0.0237296,0.0222910,0.0183218,0.0163121,0.0041748,0.0180732,0.0194335,0.0094181,0.0312711,0.0295254,0.0489688,0.0241610,0.0113019,1.3056199,0.1211365,0.0034633,0.0237880,0.0416666,0.0067050,0.0035708,0.0081330,0.0038892,0.0054958,0.0041091,0.0044550,0.0067769,0.0058206,0.0211852,0.0021151,0.0240831,0.0090317,0.0122764,0.0034454,0.0042179,0.0054502,0.0032574,0.0056335,0.0014808,0.0047127,0.0006232,0.0052111,0.0055434,0.0036612,0.0023852,0.0053542,0.0039721,0.0074507,0.0078386,0.0046888,0.0049778,0.0097517,0.0130998,0.0110375,0.0030776,0.0048920,0.0135438,0.0093880,0.0056771,0.0032397,0.0053172,0.0041855,0.0117652,0.0046622
"323","Printing and related support activities",0.0022227,0.0012726,0.0014940,0.0026213,0.0025231,0.0016560,0.0022115,0.0029259,0.0021826,0.0034656,0.0024226,0.0024290,0.0007950,0.0019334,0.0029986,0.0016600,0.0035140,0.0030425,0.0028322,0.0055307,0.0067952,0.0046437,1.0215168,0.0013769,0.0041215,0.0032910,0.0066639,0.0030234,0.0026927,0.0025291,0.0062929,0.0014150,0.0020779,0.0031644,0.0028756,0.0023464,0.0007080,0.0044204,0.0019680,0.0240076,0.0074264,0.0035324,0.0136316,0.0027083,0.0066538,0.0030507,0.0053927,0.0003118,0.0029282,0.0027086,0.0036550,0.0017170,0.0051893,0.0038533,0.0052568,0.0021678,0.0050137,0.0032385,0.0046139,0.0026384,0.0090076,0.0070190,0.0029384,0.0049823,0.0027749,0.0040581,0.0029914,0.0033081,0.0023039,0.0067031,0.0037927
"324","Petroleum and coal products",0.0299059,0.0166115,0.0195769,0.0564605,0.0265825,0.0403702,0.0352289,0.0270293,0.0235794,0.0319016,0.0163670,0.0161230,0.0031734,0.0212499,0.0153827,0.0081147,0.0189460,0.0168878,0.0229805,0.0242090,0.0091760,0.0253671,0.0316006,1.0493874,0.0373192,0.0294352,0.0071977,0.0085127,0.0083533,0.0058143,0.0071763,0.1397828,0.0634284,0.0838355,0.0973560,0.0344432,0.0040197,0.0494046,0.0127219,0.0051390,0.0038856,0.0049815,0.0068705,0.0077586,0.0144510,0.0020891,0.0155360,0.0019713,0.0154089,0.0081738,0.0036807,0.0033117,0.0054437,0.0057498,0.0096021,0.0234077,0.0075751,0.0064772,0.0124965,0.0096124,0.0096339,0.0050695,0.0097402,0.0091666,0.0091677,0.0084847,0.0185098,0.0037280,0.0318743,0.0356526,0.0515366
"325","Chemical products",0.1148052,0.0693053,0.0391176,0.0713513,0.0324648,0.0183705,0.0328071,0.0710058,0.0753917,0.0364145,0.0547330,0.0459071,0.0150394,0.0490962,0.0740813,0.0280970,0.0955460,0.0975639,0.0706818,0.3561307,0.0638656,0.1548605,0.1291939,0.0391720,1.4045983,0.4013260,0.0107058,0.0101881,0.0120161,0.0111291,0.0123367,0.0103143,0.0143724,0.0152624,0.0136017,0.0078919,0.0045333,0.0202528,0.0215290,0.0118934,0.0068994,0.0114893,0.0123311,0.0047058,0.0085232,0.0032083,0.0079055,0.0019970,0.0264914,0.0097674,0.0057157,0.0046404,0.0160315,0.0105460,0.0170728,0.0259129,0.0120077,0.0531861,0.0577705,0.0303651,0.0200910,0.0073442,0.0150306,0.0126183,0.0163237,0.0178491,0.0120245,0.0088886,0.0119376,0.0300917,0.0283028
"326","Plastics and rubber products",0.0132527,0.0062273,0.0049450,0.0234430,0.0143935,0.0040303,0.0252256,0.0188242,0.0221933,0.0154601,0.0166747,0.0339642,0.0062847,0.0226723,0.0734866,0.0226279,0.0789254,0.0566635,0.0354239,0.0252149,0.0133463,0.0361060,0.0185914,0.0049633,0.0330748,1.1083251,0.0089225,0.0080695,0.0109663,0.0042008,0.0080813,0.0045931,0.0046585,0.0071453,0.0088382,0.0033042,0.0039291,0.0260583,0.0107476,0.0049538,0.0025200,0.0107596,0.0050822,0.0019887,0.0034366,0.0013148,0.0032305,0.0013040,0.0053089,0.0078359,0.0020254,0.0031635,0.0064423,0.0029304,0.0058402,0.0103344,0.0050761,0.0109039,0.0091003,0.0102427,0.0103092,0.0022244,0.0048214,0.0046248,0.0112909,0.0099561,0.0065000,0.0025566,0.0058503,0.0090992,0.0134103
"42","Wholesale trade",0.1563569,0.0763869,0.0403285,0.0920415,0.0504890,0.0307252,0.0816531,0.1542105,0.0866202,0.1825010,0.1173815,0.1433844,0.0418163,0.1248977,0.2084874,0.0900082,0.1417569,0.1233606,0.1589103,0.1324509,0.1533740,0.1365579,0.0882007,0.0583147,0.1275505,0.1338255,1.0407868,0.0284299,0.0220738,0.0214144,0.0316501,0.0357337,0.0518382,0.0613217,0.0633786,0.0276571,0.0113855,0.0516550,0.0408264,0.0254256,0.0099041,0.0324353,0.0229666,0.0093763,0.0180458,0.0047568,0.0188779,0.0044816,0.0258785,0.0498690,0.0103552,0.0116647,0.0200354,0.0178605,0.0235290,0.0497285,0.0253546,0.0383462,0.0464835,0.0362810,0.0429812,0.0123080,0.0337874,0.0297325,0.0440667,0.0328788,0.0356713,0.0118949,0.0397587,0.0372121,0.0529381
"441","Motor vehicle and parts dealers",0.0009986,0.0005229,0.0012060,0.0045615,0.0022588,0.0006758,0.0027243,0.0034564,0.0037187,0.0025606,0.0024333,0.0104856,0.0004580,0.0010434,0.0082969,0.0053983,0.0032304,0.0031877,0.0025987,0.0020867,0.0007571,0.0043616,0.0022782,0.0009144,0.0020894,0.0023334,0.0005454,1.0026255,0.0028009,0.0007493,0.0021848,0.0004565,0.0008590,0.0009428,0.0046675,0.0006067,0.0003246,0.0009923,0.0022910,0.0010169,0.0005149,0.0006643,0.0006516,0.0003500,0.0005005,0.0002350,0.0004979,0.0001638,0.0011241,0.0019073,0.0003131,0.0003039,0.0009082,0.0004562,0.0023256,0.0017290,0.0004470,0.0004592,0.0007583,0.0006017,0.0006349,0.0003863,0.0006169,0.0006454,0.0007490,0.0087892,0.0006691,0.0002013,0.0007287,0.0005598,0.0009995
"445","Food and beverage stores",0.0002480,0.0000633,0.0000508,0.0001082,0.0000813,0.0002307,0.0002391,0.0001205,0.0003018,0.0001436,0.0001071,0.0001016,0.0000251,0.0000859,0.0001340,0.0000631,0.0001898,0.0001468,0.0001922,0.0001444,0.0000870,0.0001353,0.0007118,0.0000736,0.0002655,0.0001586,0.0000860,0.0001069,1.0001113,0.0000797,0.0001109,0.0001618,0.0001309,0.0001237,0.0014936,0.0004844,0.0000346,0.0002942,0.0001117,0.0000750,0.0000634,0.0000676,0.0001331,0.0000751,0.0001252,0.0000415,0.0001262,0.0000450,0.0002498,0.0000839,0.0000838,0.0000640,0.0000988,0.0000720,0.0004124,0.0000947,0.0001037,0.0001274,0.0001273,0.0002024,0.0001252,0.0000734,0.0001035,0.0003547,0.0030081,0.0001261,0.0000484,0.0000306,0.0001080,0.0000810,0.0000944
"452","General merchandise stores",0.0005436,0.0001719,0.0002110,0.0005575,0.0003143,0.0004450,0.0015620,0.0004906,0.0007833,0.0004452,0.0004044,0.0009381,0.0000920,0.0003310,0.0009388,0.0004594,0.0013382,0.0009951,0.0006554,0.0013251,0.0003507,0.0006902,0.0044608,0.0002403,0.0009455,0.0006213,0.0002791,0.0004201,0.0004858,1.0002261,0.0004644,0.0002058,0.0003214,0.0003129,0.0025207,0.0007862,0.0001389,0.0005438,0.0003913,0.0003121,0.0001993,0.0001927,0.0004202,0.0001917,0.0003737,0.0001031,0.0003218,0.0003481,0.0006683,0.0003063,0.0002255,0.0001406,0.0003006,0.0001691,0.0009195,0.0003197,0.0004145,0.0002944,0.0003280,0.0003120,0.0004012,0.0001974,0.0002502,0.0012838,0.0015671,0.0011090,0.0001647,0.0001358,0.0002334,0.0003280,0.0003920
"4A0","Other retail",0.0053657,0.0014388,0.0019258,0.0066765,0.0025695,0.0054293,0.0513863,0.0039403,0.0036576,0.0037757,0.0029294,0.0043380,0.0006834,0.0027742,0.0051115,0.0019942,0.0107683,0.0076640,0.0055323,0.0084272,0.0024729,0.0048895,0.0192893,0.0029297,0.0081349,0.0047187,0.0017546,0.0052775,0.0030256,0.0031197,1.0032812,0.0021805,0.0038489,0.0163425,0.0306544,0.0079320,0.0019679,0.0075389,0.0030880,0.0017193,0.0011973,0.0013227,0.0022300,0.0013366,0.0023004,0.0007432,0.0021844,0.0044637,0.0063808,0.0015791,0.0016888,0.0007659,0.0018494,0.0012554,0.0030749,0.0019563,0.0021511,0.0020838,0.0021829,0.0026122,0.0028987,0.0019825,0.0029500,0.0064025,0.0146743,0.0058089,0.0015753,0.0012427,0.0023914,0.0032182,0.0086075
"481","Air transportation",0.0045681,0.0035146,0.0019800,0.0036921,0.0075279,0.0044728,0.0028994,0.0084037,0.0061726,0.0052433,0.0054850,0.0045486,0.0011069,0.0029069,0.0045285,0.0033382,0.0066594,0.0053060,0.0046862,0.0040043,0.0034025,0.0051280,0.0065988,0.0019483,0.0032666,0.0057269,0.0057557,0.0031696,0.0027606,0.0025452,0.0031528,1.0031454,0.0031287,0.0084226,0.0075872,0.0024288,0.0008286,0.0094224,0.0041906,0.0047769,0.0046333,0.0046082,0.0095342,0.0065744,0.0136320,0.0019001,0.0137925,0.0006294,0.0114163,0.0053445,0.0063680,0.0061748,0.0056525,0.0034548,0.0101349,0.0085648,0.0054819,0.0051869,0.0031598,0.0048602,0.0056575,0.0033455,0.0041388,0.0035394,0.0043265,0.0035372,0.0099756,0.0056230,0.0051137,0.0038620,0.0027280
"482","Rail transportation",0.0094262,0.0030524,0.0036260,0.0191317,0.0030326,0.0128965,0.0052479,0.0139864,0.0269637,0.0278700,0.0106848,0.0069880,0.0012993,0.0087590,0.0097148,0.0045878,0.0098627,0.0065360,0.0143475,0.0072026,0.0028403,0.0226117,0.0065942,0.0094291,0.0126657,0.0137396,0.0012028,0.0013998,0.0018612,0.0012428,0.0014282,0.0027862,1.0046376,0.0031653,0.0148188,0.0014593,0.0008168,0.0045572,0.0030226,0.0010895,0.0006379,0.0016705,0.0013039,0.0006453,0.0012470,0.0004690,0.0012534,0.0002918,0.0026481,0.0010798,0.0007421,0.0005157,0.0014029,0.0009658,0.0015367,0.0024230,0.0015089,0.0015119,0.0020015,0.0021516,0.0025281,0.0008264,0.0019672,0.0021422,0.0028372,0.0015323,0.0014510,0.0015911,0.0065475,0.0026982,0.0113609
"483","Water transportation",0.0021411,0.0008570,0.0012885,0.0038486,0.0010179,0.0015652,0.0013689,0.0007119,0.0038413,0.0046148,0.0017385,0.0011136,0.0002614,0.0017191,0.0012673,0.0006768,0.0010577,0.0011896,0.0025573,0.0015532,0.0004779,0.0019653,0.0006014,0.0009884,0.0021236,0.0019458,0.0002582,0.0003152,0.0002984,0.0002218,0.0002787,0.0003844,0.0004760,1.0008177,0.0004493,0.0002144,0.0001611,0.0004022,0.0004548,0.0001803,0.0001562,0.0002745,0.0002675,0.0001607,0.0003900,0.0000844,0.0003413,0.0000716,0.0005131,0.0001980,0.0001266,0.0001162,0.0008266,0.0002589,0.0003283,0.0005393,0.0002757,0.0003678,0.0004247,0.0003812,0.0004134,0.0001752,0.0003443,0.0003793,0.0004684,0.0002882,0.0022423,0.0003373,0.0070227,0.0006043,0.0014879
"484","Truck transportation",0.0333524,0.0159711,0.0085640,0.0224459,0.0103473,0.0113125,0.0225388,0.0344056,0.0402391,0.0474534,0.0270105,0.0249679,0.0058334,0.0232141,0.0331617,0.0163434,0.0308025,0.0214849,0.0563542,0.0293105,0.0219536,0.0319870,0.0178268,0.0233980,0.0219053,0.0258365,0.0050911,0.0123308,0.0099236,0.0094266,0.0082595,0.0129176,0.0104877,0.0137588,1.0249698,0.0050032,0.0026098,0.0234087,0.0073096,0.0046273,0.0033813,0.0051092,0.0055152,0.0018308,0.0034459,0.0010250,0.0034738,0.0011640,0.0061325,0.0036234,0.0019724,0.0019143,0.0042913,0.0028479,0.0045581,0.0112022,0.0052226,0.0044325,0.0062364,0.0070214,0.0093952,0.0036874,0.0096767,0.0063918,0.0089987,0.0060727,0.0065674,0.0022163,0.0116810,0.0080952,0.0117941
"485","Transit and ground passenger transportation",0.0008018,0.0003838,0.0005694,0.0010297,0.0018251,0.0016565,0.0009905,0.0014564,0.0015269,0.0015439,0.0013990,0.0011068,0.0002679,0.0007147,0.0010492,0.0007867,0.0015227,0.0014160,0.0009481,0.0008859,0.0007406,0.0011907,0.0015558,0.0005376,0.0008025,0.0013163,0.0010236,0.0009995,0.0008142,0.0007392,0.0009558,0.0005143,0.0054728,0.0012581,0.0008204,1.0006577,0.0002615,0.0014540,0.0011928,0.0012806,0.0016311,0.0019732,0.0032189,0.0021265,0.0035231,0.0009776,0.0035514,0.0002261,0.0033861,0.0016832,0.0022458,0.0018159,0.0024300,0.0011167,0.0031906,0.0020890,0.0017847,0.0018232,0.0019784,0.0028905,0.0013948,0.0100193,0.0011085,0.0010699,0.0012935,0.0010396,0.0005928,0.0004311,0.0008375,0.0059070,0.0018871
"486","Pipeline transportation",0.0026915,0.0012389,0.0300581,0.0047571,0.0016623,0.0256028,0.0022133,0.0023710,0.0025371,0.0031734,0.0018015,0.0015132,0.0004019,0.0016429,0.0015884,0.0008609,0.0017976,0.0015466,0.0021089,0.0026978,0.0009942,0.0028237,0.0026063,0.0404917,0.0040201,0.0028775,0.0010054,0.0013767,0.0020007,0.0013842,0.0013915,0.0080123,0.0037737,0.0054606,0.0060095,0.0021492,1.0008012,0.0034030,0.0038872,0.0005891,0.0005179,0.0006657,0.0008298,0.0007194,0.0013604,0.0003371,0.0015902,0.0001535,0.0031507,0.0008708,0.0005939,0.0003387,0.0006774,0.0010192,0.0009304,0.0017762,0.0012131,0.0007739,0.0013551,0.0013064,0.0014001,0.0007567,0.0013346,0.0017503,0.0016399,0.0009711,0.0012441,0.0003916,0.0073395,0.0024469,0.0278423
"487OS","Other transportation and support activities",0.0107965,0.0097787,0.0043073,0.0296437,0.0056645,0.0238146,0.0083638,0.0246479,0.0231630,0.0170535,0.0100564,0.0094282,0.0025124,0.0084148,0.0123822,0.0060458,0.0180914,0.0103649,0.0143604,0.0117050,0.0083670,0.0147519,0.0121241,0.0073417,0.0091185,0.0127006,0.0283260,0.0127349,0.0089665,0.0068561,0.0154955,0.1109229,0.0264807,0.1251762,0.1156076,0.0098329,0.0072348,1.1778500,0.0160284,0.0108492,0.0096957,0.0046308,0.0150917,0.0032560,0.0127382,0.0016217,0.0102433,0.0006641,0.0065147,0.0094031,0.0050232,0.0029294,0.0080598,0.0037935,0.0072584,0.0203550,0.0051158,0.0050480,0.0068314,0.0057628,0.0099006,0.0074250,0.0100235,0.0048953,0.0056839,0.0057796,0.0043722,0.0022011,0.0145072,0.0042995,0.0199260
"493","Warehousing and storage",0.0050906,0.0018802,0.0014617,0.0085113,0.0018683,0.0030779,0.0045908,0.0059896,0.0048610,0.0059447,0.0072294,0.0058955,0.0048543,0.0039819,0.0062891,0.0033984,0.0059973,0.0069594,0.0051010,0.0065221,0.0065946,0.0052772,0.0062472,0.0019952,0.0042550,0.0049991,0.0167945,0.0538119,0.0526436,0.0631414,0.0365484,0.0018864,0.0018621,0.0153481,0.0197856,0.0031824,0.0007537,0.0070371,1.0956427,0.0040384,0.0027753,0.0024276,0.0044027,0.0006688,0.0011629,0.0004224,0.0011826,0.0003624,0.0018769,0.0028438,0.0014276,0.0009299,0.0016992,0.0010108,0.0039270,0.0031045,0.0014037,0.0018716,0.0026733,0.0022608,0.0029290,0.0023833,0.0021417,0.0025947,0.0060461,0.0027700,0.0016372,0.0010002,0.0016560,0.0031515,0.0025502
"511","Publishing industries, except internet (includes software)",0.0019932,0.0011674,0.0023085,0.0031646,0.0034132,0.0026595,0.0027814,0.0025293,0.0024236,0.0027551,0.0027108,0.0025218,0.0009881,0.0016866,0.0023056,0.0021623,0.0027498,0.0029012,0.0022395,0.0022868,0.0021433,0.0023058,0.0027809,0.0018057,0.0021272,0.0023957,0.0038807,0.0050020,0.0033428,0.0033851,0.0041178,0.0015532,0.0034069,0.0036724,0.0023588,0.0018283,0.0008137,0.0031099,0.0032906,1.0221842,0.0032184,0.0044762,0.0109175,0.0038556,0.0069577,0.0017094,0.0066315,0.0004033,0.0042882,0.0042376,0.0054806,0.0036263,0.0054133,0.0079669,0.0059520,0.0028778,0.0052759,0.0033741,0.0039858,0.0029417,0.0072944,0.0027817,0.0029245,0.0030702,0.0032082,0.0032660,0.0064020,0.0038891,0.0059236,0.0056384,0.0035387
"512","Motion picture and sound recording industries",0.0008204,0.0004261,0.0008713,0.0011884,0.0014433,0.0008998,0.0010575,0.0009386,0.0009161,0.0009962,0.0009472,0.0008828,0.0003227,0.0006358,0.0008389,0.0005991,0.0009524,0.0010243,0.0008339,0.0008355,0.0007254,0.0008523,0.0009738,0.0006931,0.0007565,0.0009142,0.0014014,0.0026482,0.0020704,0.0009626,0.0015050,0.0007486,0.0009416,0.0012814,0.0012007,0.0012015,0.0008442,0.0014152,0.0011729,0.0015318,1.1671588,0.0631950,0.0025535,0.0014741,0.0023484,0.0006443,0.0023284,0.0001921,0.0020627,0.0026620,0.0014586,0.0009758,0.0023188,0.0019592,0.0017139,0.0011951,0.0073634,0.0010129,0.0010795,0.0041972,0.0045006,0.0017476,0.0013257,0.0067152,0.0028821,0.0020190,0.0031957,0.0016002,0.0012991,0.0021027,0.0010759
"513","Broadcasting and telecommunications",0.0124908,0.0063374,0.0131879,0.0179091,0.0219562,0.0138268,0.0166095,0.0143807,0.0138712,0.0149290,0.0144093,0.0132839,0.0048332,0.0097231,0.0125507,0.0090120,0.0145533,0.0156899,0.0125105,0.0127022,0.0110023,0.0127682,0.0150186,0.0103152,0.0112648,0.0139123,0.0218252,0.0239587,0.0145595,0.0143162,0.0236856,0.0090199,0.0134824,0.0190653,0.0178778,0.0197431,0.0072023,0.0222842,0.0183274,0.0216858,0.0153709,1.1669404,0.0413533,0.0231653,0.0360245,0.0099535,0.0363235,0.0030795,0.0313327,0.0147878,0.0234206,0.0149980,0.0205280,0.0257327,0.0261639,0.0178244,0.0188342,0.0149863,0.0160963,0.0158534,0.0171920,0.0126212,0.0176120,0.0213970,0.0190936,0.0155684,0.0195369,0.0141943,0.0186979,0.0310941,0.0166422
"514","Data processing, internet publishing, and other information services",0.0048820,0.0027717,0.0052890,0.0081427,0.0085668,0.0092340,0.0070271,0.0098663,0.0096273,0.0087108,0.0094359,0.0086990,0.0029885,0.0055833,0.0070904,0.0072694,0.0102209,0.0095165,0.0064460,0.0073813,0.0069997,0.0079768,0.0075695,0.0043431,0.0059505,0.0079252,0.0091874,0.0183935,0.0111947,0.0108648,0.0123280,0.0048455,0.0069866,0.0099774,0.0066396,0.0058426,0.0023540,0.0076488,0.0079216,0.0162786,0.0076343,0.0128789,1.0370934,0.0147355,0.0176814,0.0050308,0.0225453,0.0012990,0.0112406,0.0201457,0.0134848,0.0089188,0.0154000,0.0183540,0.0273976,0.0129467,0.0206866,0.0065851,0.0105390,0.0076679,0.0117215,0.0089774,0.0087667,0.0089488,0.0105824,0.0119942,0.0230504,0.0109434,0.0093602,0.0098799,0.0120614
"521CI","Federal Reserve banks, credit intermediation, and related activities",0.0233768,0.0091906,0.0211206,0.0343920,0.0388865,0.0307221,0.0202261,0.0187579,0.0255063,0.0261519,0.0214778,0.0197552,0.0057585,0.0152719,0.0196270,0.0132389,0.0230894,0.0213696,0.0221713,0.0192371,0.0164973,0.0189456,0.0171144,0.0163869,0.0174234,0.0213738,0.0260939,0.0225085,0.0295965,0.0296737,0.0330901,0.0223042,0.1135670,0.0468757,0.0298445,0.1104907,0.0054279,0.0202780,0.0302621,0.0161753,0.0222626,0.0189105,0.0213055,1.0557347,0.0994684,0.0194111,0.1409235,0.0567862,0.0665433,0.0662097,0.0228484,0.0114975,0.0247192,0.0477968,0.0231131,0.0179829,0.0214027,0.0191161,0.0167663,0.0247459,0.0216924,0.0163893,0.0228012,0.0176626,0.0254053,0.0312497,0.0065938,0.0065516,0.0570057,0.0102183,0.0428948
"523","Securities, commodity contracts, and investments",0.0055716,0.0032807,0.0070185,0.0187174,0.0459223,0.0060031,0.0056395,0.0050032,0.0067610,0.0143961,0.0118036,0.0104830,0.0020770,0.0071530,0.0091785,0.0070284,0.0120280,0.0115558,0.0052671,0.0046591,0.0037318,0.0048985,0.0041242,0.0050343,0.0042939,0.0051450,0.0055313,0.0043720,0.0052740,0.0053839,0.0057041,0.0120851,0.0179770,0.1280280,0.0077103,0.0222294,0.0020851,0.0116564,0.0058334,0.0040566,0.0050880,0.0037046,0.0038046,0.0322889,1.0960949,0.0206771,0.7377344,0.0039302,0.0127866,0.0083701,0.0060683,0.0026316,0.0052276,0.0183553,0.0062742,0.0050039,0.0041361,0.0048380,0.0113398,0.0064861,0.0114278,0.0058715,0.0044643,0.0045021,0.0136307,0.0197676,0.0022392,0.0052851,0.0080863,0.0027973,0.0103157
"524","Insurance carriers and related activities",0.0338065,0.0383600,0.0433576,0.0594552,0.0543325,0.0171237,0.0140868,0.0241506,0.0306757,0.0276005,0.0202788,0.0227194,0.0068354,0.0225836,0.0238171,0.0193048,0.0268677,0.0219483,0.0269134,0.0280681,0.0265245,0.0200558,0.0153269,0.0299681,0.0206112,0.0208052,0.0330523,0.0300096,0.0242773,0.0207140,0.0271560,0.0290685,0.0136166,0.0483647,0.0539167,0.0531360,0.0209366,0.0285145,0.0422960,0.0109844,0.0272508,0.0183016,0.0144844,0.0215866,0.0788531,1.5267238,0.1099600,0.0101552,0.0783998,0.0280456,0.0262792,0.0084175,0.0172199,0.0128458,0.0219698,0.0274727,0.0247641,0.0192815,0.1057143,0.0262343,0.0460365,0.0302291,0.0275278,0.0199106,0.0218621,0.0185607,0.0105836,0.2383971,0.0264039,0.0097492,0.0614100
"525","Funds, trusts, and other financial vehicles",0.0003648,0.0004115,0.0004740,0.0006468,0.0005856,0.0001855,0.0001543,0.0002633,0.0003339,0.0003005,0.0002240,0.0002529,0.0000796,0.0002457,0.0002628,0.0002112,0.0002922,0.0002421,0.0002951,0.0003080,0.0002920,0.0002210,0.0001689,0.0003277,0.0002301,0.0002291,0.0003618,0.0003235,0.0002632,0.0002380,0.0002962,0.0003136,0.0001479,0.0005236,0.0005839,0.0005709,0.0002244,0.0003106,0.0004550,0.0001227,0.0002933,0.0001982,0.0001578,0.0002329,0.0008494,0.0163086,1.0861367,0.0001089,0.0008409,0.0003043,0.0002856,0.0000929,0.0001891,0.0002984,0.0002454,0.0003013,0.0002667,0.0002122,0.0011336,0.0002855,0.0004958,0.0003271,0.0002979,0.0002205,0.0002483,0.0002023,0.0001150,0.0025473,0.0002844,0.0001060,0.0006592
"HS","Housing",0.0000000,0.0000000,0.0000000,0.0000000,0.0000000,0.0000000,0.0000000,0.0000000,0.0000000,0.0000000,0.0000000,0.0000000,0.0000000,0.0000000,0.0000000,0.0000000,0.0000000,0.0000000,0.0000000,0.0000000,0.0000000,0.0000000,0.0000000,0.0000000,0.0000000,0.0000000,0.0000000,0.0000000,0.0000000,0.0000000,0.0000000,0.0000000,0.0000000,0.0000000,0.0000000,0.0000000,0.0000000,0.0000000,0.0000000,0.0000000,0.0000000,0.0000000,0.0000000,0.0000000,0.0000000,0.0000000,0.0000000,1.0000000,0.0000000,0.0000000,0.0000000,0.0000000,0.0000000,0.0000000,0.0000000,0.0000000,0.0000000,0.0000000,0.0000000,0.0000000,0.0000000,0.0000000,0.0000000,0.0000000,0.0000000,0.0000000,0.0000000,0.0000000,0.0000000,0.0000000,0.0000000
"ORE","Other real estate",0.1194619,0.0171539,0.0214664,0.0294239,0.0268676,0.0256213,0.0384597,0.0314412,0.0258947,0.0291092,0.0336953,0.0266228,0.0089204,0.0200164,0.0274343,0.0169183,0.0382192,0.0284527,0.0562375,0.0363505,0.0259208,0.0306342,0.0387455,0.0178035,0.0234724,0.0311639,0.0638871,0.0809937,0.1164434,0.0850308,0.1316819,0.0199035,0.0231719,0.0424402,0.0479819,0.0294256,0.0136982,0.0373433,0.1900099,0.0339689,0.0481909,0.0439153,0.0483777,0.0494162,0.0867797,0.0625158,0.0735195,0.0088856,1.1374910,0.0543623,0.0901561,0.0222331,0.0680652,0.0750071,0.0410154,0.0409432,0.1271889,0.0680570,0.0660321,0.1348865,0.1185706,0.0832843,0.1034305,0.0368632,0.1114186,0.0845277,0.0141083,0.0289062,0.0296837,0.0288256,0.0340954
"532RL","Rental and leasing services and lessors of intangible assets",0.0190256,0.0075729,0.0227036,0.0309256,0.0350185,0.0091352,0.0185744,0.0125794,0.0171450,0.0172001,0.0157305,0.0145575,0.0050283,0.0115890,0.0150755,0.0117770,0.0121433,0.0172382,0.0170296,0.0130583,0.0118360,0.0155184,0.0134455,0.0168809,0.0171451,0.0147588,0.0181400,0.0099652,0.0115866,0.0152678,0.0139210,0.0431219,0.0508706,0.0189147,0.0365611,0.0194130,0.0047448,0.0158060,0.0149429,0.0126031,0.0230722,0.0197367,0.0283345,0.0099153,0.0197778,0.0067312,0.0160693,0.0015045,0.0096854,1.0224778,0.0123180,0.0062786,0.0129170,0.0338950,0.0129562,0.0225160,0.0099284,0.0092321,0.0118344,0.0083317,0.0080225,0.0130556,0.0136685,0.0126002,0.0157221,0.0072205,0.0051240,0.0031754,0.0122777,0.0070885,0.0106484
"5411","Legal services",0.0085280,0.0054336,0.0126597,0.0199952,0.0382706,0.0172236,0.0104861,0.0097357,0.0091613,0.0096833,0.0108754,0.0088679,0.0058508,0.0061930,0.0083720,0.0057414,0.0095950,0.0119974,0.0079430,0.0093969,0.0078293,0.0090181,0.0076495,0.0092014,0.0079193,0.0090547,0.0139364,0.0088142,0.0077992,0.0105718,0.0104122,0.0052001,0.0136101,0.0127111,0.0076013,0.0066864,0.0032020,0.0081925,0.0111376,0.0124617,0.0098725,0.0110864,0.0134734,0.0102315,0.0287387,0.0239312,0.0338558,0.0020578,0.0261737,0.0071002,1.0124901,0.0106346,0.0198997,0.0237400,0.0146620,0.0101537,0.0067615,0.0101892,0.0226228,0.0121257,0.0108734,0.0174613,0.0324122,0.0086420,0.0115356,0.0094816,0.0060581,0.0061331,0.0217076,0.0082078,0.0098910
"5415","Computer systems design and related services",0.0068251,0.0039442,0.0238513,0.0125402,0.0071350,0.0096736,0.0090180,0.0093627,0.0088856,0.0099897,0.0111028,0.0126721,0.0043374,0.0061335,0.0091260,0.0114684,0.0093966,0.0102080,0.0078943,0.0090462,0.0072764,0.0085952,0.0100538,0.0156900,0.0087884,0.0092190,0.0129066,0.0170181,0.0079167,0.0112575,0.0101952,0.0073549,0.0239611,0.0122698,0.0088089,0.0063339,0.0017381,0.0068104,0.0087528,0.0224042,0.0072378,0.0132421,0.0314665,0.0133638,0.0283100,0.0055507,0.0266275,0.0014029,0.0090598,0.0069490,0.0162205,1.0133938,0.0136261,0.0401628,0.0183970,0.0085859,0.0097698,0.0093242,0.0148793,0.0099589,0.0106045,0.0055960,0.0098818,0.0087043,0.0096943,0.0080412,0.0437080,0.0352171,0.0116840,0.0124446,0.0143629
"5412OP","Miscellaneous professional, scientific, and technical services",0.0406765,0.0286406,0.0461558,0.0762328,0.0956245,0.0509714,0.0623756,0.0511064,0.0497044,0.0534688,0.0514885,0.0454561,0.0186397,0.0339190,0.0444691,0.0326752,0.0579266,0.0593734,0.0477531,0.0482895,0.0450786,0.0456691,0.0436173,0.0365283,0.0423171,0.0500954,0.0745951,0.0974173,0.0594800,0.0631723,0.0815434,0.0237921,0.0606205,0.0663839,0.0405518,0.0377152,0.0206535,0.0368988,0.0528198,0.0731919,0.0886535,0.0931317,0.1049122,0.0881552,0.1241726,0.0407574,0.1144238,0.0087984,0.1097053,0.0523242,0.0497183,0.0523609,1.0975545,0.1088371,0.0735469,0.0534736,0.0383160,0.0503787,0.0701726,0.0628147,0.0568083,0.0580516,0.0624606,0.0630505,0.0705602,0.0498534,0.0775093,0.0303524,0.0493385,0.0403033,0.0783164
"55","Management of companies and enterprises",0.0231116,0.0108987,0.0685916,0.0739019,0.0328389,0.0160894,0.0242180,0.0332890,0.0394810,0.0358583,0.0467180,0.0642732,0.0413160,0.0278789,0.0526512,0.0311913,0.0327345,0.0480706,0.0476442,0.0515640,0.0548274,0.0426965,0.0326070,0.0476771,0.0624482,0.0431272,0.0548146,0.0188741,0.0241393,0.1050234,0.0388445,0.0194805,0.0154717,0.0439682,0.0501315,0.0207467,0.0047856,0.0381694,0.0200449,0.0338750,0.0138442,0.0173099,0.0195795,0.0147603,0.0451435,0.0083957,0.0396384,0.0024312,0.0217956,0.0296601,0.0309552,0.0189309,0.0325576,1.0117096,0.0671204,0.0492352,0.0139075,0.0393795,0.0277147,0.0333205,0.0255717,0.0265715,0.0245535,0.0491607,0.0927924,0.0255208,0.0121166,0.0056452,0.0146120,0.0118409,0.0202910
"561","Administrative and support services",0.0306192,0.0124121,0.0213905,0.0387165,0.0379244,0.0514880,0.0289748,0.0340108,0.0357004,0.0479205,0.0501413,0.0317382,0.0108808,0.0251673,0.0349931,0.0344164,0.0320658,0.0333395,0.0304758,0.0334756,0.0448237,0.0359813,0.0556109,0.0204694,0.0274416,0.0342304,0.0543345,0.0480903,0.0428288,0.0401244,0.0538846,0.0317306,0.0406001,0.1222638,0.0631989,0.0561435,0.0237839,0.0575131,0.0814084,0.0638070,0.0334509,0.0702065,0.1005240,0.0406181,0.0581917,0.0213144,0.0507941,0.0058690,0.1166697,0.0621988,0.0479004,0.0652199,0.0564338,0.0402542,1.0846817,0.0563520,0.0352556,0.0452308,0.0837760,0.0622650,0.0432200,0.0443339,0.0407273,0.0422569,0.0431499,0.0361016,0.0417638,0.0158139,0.0530167,0.0310191,0.0422635
"562","Waste management and remediation services",0.0035000,0.0014459,0.0062905,0.0063518,0.0046134,0.0039966,0.0038598,0.0037206,0.0045494,0.0113921,0.0050184,0.0034349,0.0009690,0.0032256,0.0037126,0.0023197,0.0042088,0.0035136,0.0040578,0.0050193,0.0021957,0.0054715,0.0032875,0.0050223,0.0057090,0.0045719,0.0027267,0.0056452,0.0045409,0.0031654,0.0040585,0.0016855,0.0026309,0.0030374,0.0037806,0.0018482,0.0008675,0.0045126,0.0103274,0.0013992,0.0012926,0.0014900,0.0016267,0.0015849,0.0020560,0.0021523,0.0053172,0.0003320,0.0115503,0.0023132,0.0016983,0.0008566,0.0021233,0.0025131,0.0031101,1.0863953,0.0042534,0.0030685,0.0040441,0.0053140,0.0051779,0.0020269,0.0062546,0.0067744,0.0049661,0.0043398,0.0017199,0.0013974,0.0038137,0.0096500,0.0121445
"61","Educational services",0.0003434,0.0002690,0.0001405,0.0002782,0.0002002,0.0006721,0.0004031,0.0003565,0.0002646,0.0006321,0.0003331,0.0003041,0.0000864,0.0002613,0.0003808,0.0002013,0.0003275,0.0002893,0.0003263,0.0003010,0.0002694,0.0003665,0.0010327,0.0001734,0.0002838,0.0003098,0.0011648,0.0003607,0.0043077,0.0001776,0.0040036,0.0006682,0.0006904,0.0004272,0.0004943,0.0002108,0.0001603,0.0004543,0.0003013,0.0001888,0.0005914,0.0006634,0.0008996,0.0001699,0.0002699,0.0000901,0.0002728,0.0000400,0.0003526,0.0002710,0.0001522,0.0002157,0.0002278,0.0002216,0.0011598,0.0003603,1.0119334,0.0001731,0.0003030,0.0002122,0.0002005,0.0094751,0.0013271,0.0002237,0.0003029,0.0033359,0.0020182,0.0001587,0.0015205,0.0063078,0.0002675
"621","Ambulatory health care services",0.0000349,0.0000389,0.0000278,0.0000312,0.0000347,0.0000429,0.0000283,0.0000526,0.0000296,0.0002232,0.0000705,0.0000470,0.0000145,0.0000460,0.0000514,0.0000304,0.0000389,0.0000395,0.0000340,0.0000291,0.0000224,0.0000607,0.0000325,0.0000266,0.0000277,0.0000333,0.0000301,0.0000288,0.0000356,0.0000239,0.0000353,0.0000914,0.0000312,0.0001029,0.0000448,0.0000228,0.0000163,0.0000666,0.0000390,0.0000264,0.0000768,0.0000827,0.0000385,0.0000256,0.0000901,0.0000153,0.0000740,0.0000042,0.0000533,0.0000297,0.0000212,0.0000219,0.0000623,0.0000314,0.0001837,0.0000906,0.0000484,1.0160632,0.0173148,0.0004432,0.0000246,0.0010613,0.0000489,0.0000293,0.0000307,0.0002165,0.0000439,0.0011343,0.0000421,0.0045861,0.0000312
"622","Hospitals",0.0000001,0.0000001,0.0000001,0.0000001,0.0000001,0.0000001,0.0000001,0.0000001,0.0000001,0.0000005,0.0000002,0.0000001,0.0000000,0.0000001,0.0000001,0.0000001,0.0000001,0.0000001,0.0000001,0.0000001,0.0000000,0.0000001,0.0000001,0.0000001,0.0000001,0.0000001,0.0000001,0.0000001,0.0000001,0.0000001,0.0000001,0.0000002,0.0000001,0.0000002,0.0000001,0.0000001,0.0000000,0.0000001,0.0000001,0.0000001,0.0000002,0.0000002,0.0000001,0.0000001,0.0000002,0.0000000,0.0000002,0.0000000,0.0000001,0.0000001,0.0000000,0.0000000,0.0000001,0.0000001,0.0000004,0.0000002,0.0000001,0.0000354,1.0036826,0.0000010,0.0000001,0.0000023,0.0000001,0.0000001,0.0000001,0.0000005,0.0000001,0.0000025,0.0000001,0.0000101,0.0000001
"623","Nursing and residential care facilities",0.0000403,0.0000202,0.0000475,0.0000326,0.0000457,0.0000317,0.0000268,0.0000393,0.0000331,0.0000650,0.0000429,0.0000495,0.0000320,0.0000408,0.0000518,0.0000340,0.0000388,0.0000435,0.0000449,0.0000390,0.0000257,0.0000458,0.0000385,0.0000585,0.0000464,0.0000451,0.0000324,0.0000155,0.0000290,0.0000297,0.0000324,0.0004065,0.0000379,0.0003658,0.0000445,0.0000203,0.0000118,0.0000371,0.0000239,0.0000331,0.0000289,0.0000921,0.0000342,0.0000421,0.0003390,0.0000258,0.0002427,0.0000085,0.0000402,0.0000286,0.0000195,0.0000247,0.0000238,0.0000320,0.0000274,0.0000299,0.0000276,0.0000161,0.0000207,1.0000230,0.0000182,0.0000220,0.0000230,0.0000342,0.0000305,0.0000233,0.0001175,0.0058483,0.0000919,0.0003407,0.0000218
"624","Social assistance",0.0000019,0.0000027,0.0000014,0.0000014,0.0000015,0.0000024,0.0000014,0.0000033,0.0000013,0.0000174,0.0000046,0.0000028,0.0000007,0.0000030,0.0000031,0.0000016,0.0000021,0.0000021,0.0000017,0.0000013,0.0000008,0.0000038,0.0000013,0.0000013,0.0000013,0.0000016,0.0000009,0.0000009,0.0000015,0.0000008,0.0000014,0.0000043,0.0000012,0.0000041,0.0000017,0.0000006,0.0000007,0.0000040,0.0000015,0.0000007,0.0000010,0.0000016,0.0000010,0.0000007,0.0000036,0.0000005,0.0000030,0.0000002,0.0000017,0.0000008,0.0000005,0.0000005,0.0000007,0.0000008,0.0000010,0.0000060,0.0000030,0.0000007,0.0000014,0.0000009,1.0000009,0.0000023,0.0000016,0.0000011,0.0000010,0.0000036,0.0000018,0.0000554,0.0000016,0.0003868,0.0000014
"711AS","Performing arts, spectator sports, museums, and related activities",0.0020608,0.0007836,0.0014790,0.0021283,0.0022770,0.0017107,0.0017342,0.0021964,0.0020440,0.0022181,0.0020793,0.0019608,0.0007022,0.0012806,0.0018969,0.0012825,0.0020710,0.0020929,0.0019771,0.0018552,0.0016141,0.0019627,0.0021160,0.0012549,0.0016191,0.0021103,0.0031554,0.0046806,0.0046050,0.0023493,0.0029574,0.0012891,0.0053399,0.0024646,0.0023175,0.0018322,0.0006284,0.0034320,0.0031068,0.0026363,0.0596656,0.0462249,0.0039795,0.0031888,0.0048059,0.0014232,0.0056861,0.0003393,0.0077386,0.0026084,0.0039983,0.0021178,0.0045899,0.0079472,0.0046882,0.0027313,0.0034658,0.0023905,0.0026667,0.0031690,0.0033195,1.1389947,0.0069533,0.0032590,0.0045961,0.0046544,0.0036404,0.0011595,0.0026755,0.0023344,0.0017112
"713","Amusements, gambling, and recreation industries",0.0001644,0.0000523,0.0001102,0.0001609,0.0002299,0.0001588,0.0001434,0.0001843,0.0001849,0.0001784,0.0001863,0.0001666,0.0000592,0.0000966,0.0001571,0.0001123,0.0001906,0.0001872,0.0001567,0.0001355,0.0001155,0.0001582,0.0002069,0.0000919,0.0001356,0.0001794,0.0002180,0.0001177,0.0002342,0.0001571,0.0003745,0.0000750,0.0001053,0.0001805,0.0001277,0.0000936,0.0000345,0.0001225,0.0001682,0.0001733,0.0001788,0.0001973,0.0003829,0.0002503,0.0004280,0.0000887,0.0004274,0.0000261,0.0004085,0.0001819,0.0003078,0.0002365,0.0002505,0.0008074,0.0005201,0.0002760,0.0002604,0.0002606,0.0001342,0.0002190,0.0002584,0.0008772,1.0001477,0.0012779,0.0004360,0.0001400,0.0002708,0.0000515,0.0000977,0.0002579,0.0006938
"721","Accommodation",0.0022564,0.0008258,0.0016226,0.0027578,0.0053148,0.0043794,0.0021974,0.0039363,0.0040452,0.0035313,0.0038273,0.0031199,0.0007935,0.0019505,0.0029008,0.0022322,0.0042767,0.0040269,0.0025965,0.0026414,0.0022029,0.0030624,0.0055035,0.0014425,0.0021946,0.0039228,0.0031759,0.0023502,0.0026626,0.0022993,0.0028622,0.0016170,0.0025426,0.0039619,0.0022735,0.0019863,0.0007165,0.0049075,0.0047208,0.0041520,0.0039198,0.0042807,0.0109266,0.0069607,0.0117770,0.0022650,0.0118342,0.0006203,0.0106846,0.0052203,0.0070272,0.0062175,0.0056174,0.0039820,0.0097195,0.0081946,0.0045315,0.0050064,0.0027190,0.0040603,0.0044497,0.0028810,0.0031595,1.0031364,0.0044484,0.0030616,0.0036145,0.0023477,0.0026231,0.0028823,0.0025949
"722","Food services and drinking places",0.0080718,0.0034438,0.0038847,0.0065781,0.0109154,0.0099249,0.0048555,0.0081432,0.0074286,0.0092400,0.0076064,0.0064214,0.0018343,0.0044920,0.0061991,0.0044332,0.0078321,0.0073390,0.0066702,0.0060970,0.0050185,0.0066659,0.0081073,0.0035014,0.0047079,0.0070896,0.0084283,0.0099406,0.0110658,0.0094859,0.0108982,0.0364531,0.0048809,0.0096547,0.0083132,0.0060237,0.0019637,0.0143416,0.0107266,0.0066371,0.0082476,0.0074374,0.0146562,0.0127868,0.0178604,0.0072293,0.0218779,0.0023939,0.0321065,0.0102206,0.0149091,0.0100701,0.0151098,0.0123019,0.0221133,0.0112642,0.0106752,0.0245865,0.0190006,0.0485520,0.0171856,0.0096812,0.0165708,0.0463490,1.0113092,0.0094494,0.0044040,0.0035863,0.0189435,0.0096671,0.0064227
"81","Other services, except government",0.0101262,0.0139252,0.0062198,0.0113175,0.0137201,0.0066609,0.0128870,0.0144841,0.0155739,0.0178514,0.0136160,0.0112776,0.0038038,0.0092343,0.0127227,0.0074366,0.0119558,0.0108788,0.0127199,0.0129137,0.0082006,0.0191110,0.0122825,0.0067811,0.0129918,0.0141862,0.0185236,0.0153561,0.0195615,0.0143100,0.0150279,0.0081074,0.0090629,0.0130162,0.0496574,0.0180230,0.0116463,0.0245800,0.0180784,0.0080276,0.0057190,0.0106785,0.0141440,0.0118399,0.0139314,0.0102297,0.0172465,0.0014179,0.0143684,0.0317833,0.0080804,0.0045141,0.0098743,0.0153454,0.0168482,0.0349326,0.0083954,0.0109966,0.0277746,0.0137965,0.0103439,0.0109850,0.0148877,0.0135831,0.0193265,1.0157292,0.0085726,0.0037203,0.0201523,0.0149607,0.0131304
"GFGD","Federal general government (defense)",0.0000000,0.0000000,0.0000000,0.0000000,0.0000000,0.0000000,0.0000000,0.0000000,0.0000000,0.0000000,0.0000000,0.0000000,0.0000000,0.0000000,0.0000000,0.0000000,0.0000000,0.0000000,0.0000000,0.0000000,0.0000000,0.0000000,0.0000000,0.0000000,0.0000000,0.0000000,0.0000000,0.0000000,0.0000000,0.0000000,0.0000000,0.0000000,0.0000000,0.0000000,0.0000000,0.0000000,0.0000000,0.0000000,0.0000000,0.0000000,0.0000000,0.0000000,0.0000000,0.0000000,0.0000000,0.0000000,0.0000000,0.0000000,0.0000000,0.0000000,0.0000000,0.0000000,0.0000000,0.0000000,0.0000000,0.0000000,0.0000000,0.0000000,0.0000000,0.0000000,0.0000000,0.0000000,0.0000000,0.0000000,0.0000000,0.0000000,1.0000000,0.0000000,0.0000000,0.0000000,0.0000000
"GFGN","Federal general government (nondefense)",0.0067446,0.0031279,0.0080592,0.0054724,0.0077345,0.0051725,0.0044612,0.0063684,0.0055764,0.0087641,0.0067981,0.0082076,0.0054687,0.0066615,0.0085684,0.0056907,0.0064345,0.0072523,0.0075565,0.0066046,0.0043549,0.0074028,0.0065062,0.0099955,0.0078885,0.0076172,0.0055083,0.0025778,0.0048306,0.0050624,0.0054264,0.0701698,0.0064269,0.0631019,0.0074980,0.0034407,0.0019467,0.0058797,0.0039492,0.0056704,0.0048851,0.0158080,0.0058176,0.0072286,0.0585094,0.0044256,0.0418413,0.0014530,0.0067491,0.0048764,0.0033208,0.0042361,0.0040401,0.0054492,0.0046186,0.0043266,0.0043709,0.0022064,0.0028827,0.0038717,0.0030505,0.0034554,0.0037715,0.0058010,0.0051596,0.0035266,0.0202045,1.0105015,0.0157668,0.0022558,0.0035948
"GFE","Federal government enterprises",0.0035822,0.0017027,0.0018672,0.0043647,0.0027761,0.0037367,0.0024753,0.0035291,0.0034445,0.0050689,0.0033923,0.0044860,0.0009412,0.0045199,0.0039706,0.0020667,0.0033658,0.0032214,0.0037340,0.0034850,0.0026815,0.0037498,0.0035602,0.0021422,0.0032779,0.0034365,0.0110321,0.0053492,0.0051381,0.0037581,0.0067738,0.0021860,0.0021794,0.0594668,0.0145957,0.0048535,0.0013566,0.0078601,0.0079081,0.0040175,0.0039541,0.0021591,0.0058951,0.0041964,0.0258667,0.0020024,0.0183816,0.0004410,0.0044163,0.0038281,0.0024990,0.0011685,0.0029604,0.0024254,0.0031929,0.0033965,0.0028107,0.0024525,0.0042087,0.0034717,0.0042527,0.0024311,0.0025340,0.0095033,0.0066279,0.0036859,0.0012983,0.0015076,1.0023056,0.0022672,0.0026953
"GSLG","State and local general government",0.0039438,0.0065210,0.0025697,0.0028557,0.0028303,0.0055254,0.0029007,0.0075619,0.0026450,0.0438454,0.0109168,0.0061604,0.0010747,0.0068094,0.0068974,0.0034100,0.0046463,0.0045562,0.0034346,0.0024952,0.0014429,0.0089398,0.0025435,0.0019607,0.0021613,0.0030376,0.0016453,0.0019163,0.0031918,0.0012610,0.0029418,0.0011417,0.0021107,0.0017329,0.0034579,0.0010614,0.0016438,0.0095012,0.0032890,0.0009700,0.0019337,0.0018117,0.0016808,0.0008042,0.0011801,0.0006364,0.0017483,0.0002007,0.0033744,0.0012741,0.0008321,0.0006699,0.0011247,0.0013094,0.0018365,0.0148459,0.0071455,0.0016352,0.0031130,0.0017133,0.0018019,0.0054449,0.0036404,0.0020450,0.0019462,0.0088400,0.0017192,0.0006455,0.0020461,1.0044785,0.0031913
"GSLE","State and local government enterprises",0.0120171,0.0036933,0.0075583,0.0186110,0.0044113,0.0286871,0.0064062,0.0120071,0.0150651,0.0178502,0.0112667,0.0080605,0.0028180,0.0073877,0.0092607,0.0053136,0.0101559,0.0082807,0.0108823,0.0143477,0.0061497,0.0162083,0.0104427,0.0080963,0.0131327,0.0135661,0.0087501,0.0123217,0.0187382,0.0130226,0.0137010,0.0094518,0.0061930,0.0129034,0.0131235,0.0039400,0.0061530,0.0159407,0.0381240,0.0046241,0.0049183,0.0056909,0.0069157,0.0047342,0.0079318,0.0036636,0.0095160,0.0008000,0.0268557,0.0077571,0.0073597,0.0028249,0.0066299,0.0093691,0.0069990,0.0080755,0.0110723,0.0064188,0.0091124,0.0119882,0.0198218,0.0090123,0.0115251,0.0154622,0.0148774,0.0077910,0.0037348,0.0031216,0.0088029,0.0089404,1.0099159
"","Total industry output requirement",2.3637333,1.6743456,1.8351234,2.2945529,1.8917166,1.7786442,1.9489736,2.4225153,2.1314914,2.6476230,2.3138083,2.3395342,1.4086813,2.0862939,2.9459264,2.1355151,2.3500818,2.1447004,2.6659334,2.4626187,2.0911169,2.4888042,2.0643375,2.3223441,2.2636882,2.4461108,1.6794275,1.7147131,1.7240146,1.7148367,1.7676648,1.8600944,1.8696511,2.3628477,2.0740992,1.6481967,1.2812161,1.9707710,2.0985895,1.5637067,1.6725924,1.8741605,1.7574096,1.5247528,2.0433038,1.8528159,2.8115148,1.1933220,2.1207354,1.6383728,1.5042670,1.3643992,1.6082143,1.6713901,1.6990978,1.9000669,1.6268018,1.6055848,1.8602313,1.7969741,1.8149274,1.6494684,1.6987093,1.6771699,1.8919873,1.6608141,1.6411955,1.5444553,1.7409948,1.6119792,2.0721236
"Legend / Footnotes:"
"Note. Detail may not add to total due to rounding."
